metric,value
max 10 out_degree nodes,"[677, 88, 220, 3549, 317, 349, 1988, 7690, 3369, 16460]"
max 10 eigencentality nodes,"[9021, 33833, 35376, 50244, 86903, 50228, 109175, 134319, 86725, 77555]"
max 10 in_degree nodes,"[9021, 16695, 433454, 359985, 6241, 113517, 67382, 52908, 72466, 20971]"
top3_out_degree_infected_nodes_n,"[array([0., 0., 0., ..., 0., 0., 0.]), array([0., 0., 0., ..., 0., 0., 0.]), array([0., 0., 0., ..., 0., 0., 0.])]"
top3_out_degree_informed_nodes_n,"[array([0., 1., 1., ..., 0., 0., 0.]), array([0., 1., 1., ..., 0., 0., 0.]), array([0., 1., 1., ..., 0., 1., 0.])]"
top3_out_degree_infected_nodes_time,"[[0.0, 0.0, 0.26481813225329076, 0.26481813225329076, 0.2648960199392476, 0.2648960199392476, 0.2648960199392476, 0.2648960199392476, 0.2648960199392476, 0.26497390762520445, 0.2650517953111613, 0.26512968299711814, 0.265207570683075, 0.2653633460549887, 0.2653633460549887, 0.2653633460549887, 0.2653633460549887, 0.2654412337409456, 0.2655970091128593, 0.26590855985668665, 0.2663758859724278, 0.26668743671625517, 0.26684321208816886, 0.26715476283199624, 0.26731053820391, 0.26738842588986683, 0.2675442012617805, 0.2676999766336942, 0.26777786431965106, 0.2680115273775216, 0.2681673027494353, 0.26832307812134903, 0.2684009658073059, 0.2684788534932627, 0.26886829192304695, 0.2694913934107018, 0.2697250564685723, 0.27019238258431344, 0.271438585559623, 0.27260690084897576, 0.2743983176259833, 0.2753329698574655, 0.2765791728327751, 0.27766960043617106, 0.2791494664693512, 0.2805514448165745, 0.28140820936209987, 0.28187553547784094, 0.28288807539528, 0.2833554015110211, 0.2836669522548485, 0.2846016044863307, 0.28506893060207183, 0.2856920320897266, 0.2864709089492951, 0.28763922423864785, 0.2883402134122595, 0.2892748656437417, 0.29028740556118077, 0.29122205779266297, 0.2923903730820157, 0.29324713762754107, 0.2948048913466781, 0.29659630812368565, 0.29830983721473636, 0.3002570293636576, 0.3028273230002337, 0.3046966274631981, 0.30742269647168785, 0.3103045408520913, 0.3124853960588831, 0.3138094867201495, 0.31482202663758857, 0.3162240049848119, 0.31739232027416464, 0.3191837370511722, 0.3214424799439209, 0.3305553392008723, 0.35890645688916584, 0.3955915569748423, 0.4266687436716255, 0.4484772957395436, 0.4678713295427993, 0.4818132253290755, 0.4994158423553236, 0.5138250642573409, 0.5359451670690863, 0.550665939714931, 0.5643741724433368, 0.5765246514526053, 0.5878962536023055, 0.597476438974998, 0.6070566243476906, 0.6129760884804113, 0.6168704727782538, 0.6216995093075784, 0.6259054443492483, 0.6296440532751771, 0.6338499883168471, 0.638055923358517, 0.6418724199704027, 0.6465456811278137, 0.6525430329464912, 0.6565153049302905, 0.6600981384843057, 0.6643040735259755, 0.6667964794765947, 0.670301425344653, 0.6738842588986681, 0.6781680816262948, 0.6816730274943531, 0.6852558610483682, 0.688527143858556, 0.6922657527844848, 0.6972505646857232, 0.7005218474959108, 0.7032479165044007, 0.7068307500584158, 0.7094789313809486, 0.7117376742736973, 0.713996417166446, 0.7154762831996261, 0.7162551600591947, 0.717657138406418, 0.7194485551834255, 0.7208505335306488, 0.7232650517953112, 0.7245891424565776, 0.7263805592335851, 0.7279383129527222, 0.7290287405561181, 0.7300412804735571, 0.7331567879118311, 0.735804969234364, 0.7392320274164654, 0.7412571072513435, 0.743671625516006, 0.7477217851857622, 0.7488901004751148, 0.7522392709712594, 0.7534075862606122, 0.7548874522937924, 0.7557442168393177, 0.7565230936988862, 0.7575356336163253, 0.758703948905678, 0.7595607134512034, 0.7605732533686425, 0.7612742425422541, 0.7616636809720383, 0.76236467014565, 0.7630656593192616, 0.7642339746086144, 0.7652465145260534, 0.7662590544434925, 0.7672715943609315, 0.7677389204766727, 0.7680504712205001, 0.7688293480800685, 0.7691408988238959, 0.7700755510553782, 0.7710102032868603, 0.7714775294026015, 0.7718669678323857, 0.7721006308902563, 0.7723342939481268, 0.7724900693200405, 0.7728016200638679, 0.7728795077498247], [0.0, 0.0, 0.0, 0.0, 0.0, 0.0, 0.0, 0.0, 0.0, 0.0, 0.0, 0.0, 0.0, 0.0, 0.0, 0.0, 0.0, 0.2531349793597632, 0.25344653010359064, 0.2535244177895475, 0.2539138562193317, 0.25422540696315915, 0.2544590700210297, 0.2548485084508139, 0.25516005919464135, 0.25531583456655504, 0.25547160993846874, 0.2555494976244256, 0.2557831606822961, 0.25586104836825296, 0.25586104836825296, 0.25609471142612356, 0.25625048679803725, 0.25640626216995094, 0.2564841498559078, 0.2571072513435626, 0.25718513902951945, 0.25749668977334683, 0.2583534543188722, 0.25921021886439755, 0.26092374795544826, 0.261546849443103, 0.262637277046499, 0.2633382662201106, 0.2644286938235065, 0.2655191214269024, 0.2662979982864709, 0.26684321208816886, 0.2675442012617805, 0.2678557520056079, 0.2680115273775216, 0.26871251655113326, 0.26925773035283124, 0.26995871952644285, 0.2710491471298388, 0.2732300023366306, 0.27447620531194017, 0.2752550821715087, 0.27595607134512035, 0.2764233974608614, 0.2775138250642573, 0.27782537580808475, 0.27876002803956695, 0.280317781758704, 0.2819534231637978, 0.28374483994080535, 0.28576991977568345, 0.2872497858088636, 0.29005374250331023, 0.29270192382584315, 0.2946491159747644, 0.2960510943219877, 0.2966741958096425, 0.2980761741568658, 0.29924448944621856, 0.30033491704961446, 0.30220422151257886, 0.30960355167847964, 0.3416932782927019, 0.381182335072825, 0.4132720616870473, 0.4364047044162318, 0.4572007165667108, 0.4716099384687281, 0.4885115663213646, 0.5032323389672093, 0.5266765324402212, 0.5426435080613755, 0.5583768206246592, 0.5731754809564608, 0.5861048368252979, 0.5973985512890412, 0.6079912765791728, 0.6147675052574189, 0.6189734402990887, 0.6238803645143702, 0.6276968611262559, 0.6315133577381415, 0.6351740789781135, 0.6393800140197835, 0.6424176337721006, 0.6471687826154685, 0.653633460549887, 0.6574499571617727, 0.6617337798893995, 0.6660954903029831, 0.6688215593114728, 0.6731832697250565, 0.6769218786509853, 0.6814393644364826, 0.6856452994781526, 0.6899291222057793, 0.6932782927019239, 0.6974063400576369, 0.7031700288184438, 0.7069086377443726, 0.7109587974141288, 0.7143079679102734, 0.7178908014642885, 0.7203053197289508, 0.7223303995638289, 0.7234208271672249, 0.723888153282966, 0.7251343562582756, 0.7272373237791105, 0.7287950774982476, 0.7312874834488667, 0.7328452371680038, 0.7344808785730976, 0.7361165199781915, 0.7372848352675442, 0.7382973751849833, 0.7415686579951709, 0.743671625516006, 0.7473323467559779, 0.7492016512189423, 0.751460394111691, 0.7550432276657061, 0.7564452060129293, 0.7600280395669444, 0.7612742425422541, 0.7627541085754342, 0.7636108731209595, 0.7643118622945713, 0.7650907391541397, 0.766025391385622, 0.7668042682451904, 0.7677389204766727, 0.7684399096502843, 0.7689072357660254, 0.7697640003115508, 0.7703871017992056, 0.7713996417166445, 0.7724121816340836, 0.7735026092374796, 0.7745930368408754, 0.7750603629566165, 0.7752940260144872, 0.7759950151880988, 0.776384453617883, 0.7772412181634084, 0.7781758703948906, 0.7789547472544591, 0.7794220733702002, 0.7797336241140276, 0.7799672871718981, 0.7802009502297687, 0.7805903886595529, 0.7806682763455097], [0.0, 0.0, 0.0, 0.0, 0.0, 0.0, 0.0, 0.0, 0.0, 0.0, 0.0, 0.0, 0.0, 0.18700833398239738, 0.18700833398239738, 0.18716410935431108, 0.18724199704026792, 0.18739777241218164, 0.18739777241218164, 0.18770932315600902, 0.18809876158579328, 0.18856608770153438, 0.1887218630734481, 0.1891891891891892, 0.1893449645611029, 0.1893449645611029, 0.18950073993301658, 0.18957862761897343, 0.189812290676844, 0.18996806604875768, 0.19020172910662825, 0.19051327985045563, 0.19066905522236935, 0.19082483059428304, 0.1910584936521536, 0.1915258197678947, 0.1916815951398084, 0.19238258431342004, 0.1937066749746865, 0.19479710257808242, 0.19643274398317626, 0.19721162084274477, 0.19876937456188176, 0.1993145883635797, 0.20040501596697563, 0.20157333125632837, 0.20227432042994004, 0.20274164654568114, 0.20328686034737908, 0.20344263571929277, 0.20367629877716334, 0.2042215125788613, 0.20445517563673182, 0.20523405249630033, 0.2068696939013942, 0.20943998753797025, 0.2112314043149778, 0.21224394423241685, 0.21317859646389906, 0.2140353610094244, 0.2151257886128203, 0.21567100241451825, 0.2174624191915258, 0.21995482514214504, 0.22182412960510944, 0.2237713217540307, 0.2257964015889088, 0.2275099306799595, 0.23117065191993147, 0.2334293948126801, 0.23568813770542876, 0.23724589142456579, 0.23810265597009111, 0.23919308357348704, 0.24043928654879665, 0.2419191525819768, 0.24417789547472546, 0.2559389360542098, 0.2960510943219877, 0.34480878573097595, 0.38640081003193394, 0.41358361243087466, 0.4371835812758003, 0.4542409845003505, 0.47355713061764937, 0.48890100475114884, 0.5068930602071813, 0.5231715865721629, 0.5400732144247994, 0.5547939870706441, 0.5693589843445751, 0.5822883402134122, 0.5935820546771555, 0.6008256094711426, 0.6059661967442947, 0.6102500194719215, 0.6135213022821092, 0.6171820235220812, 0.6208427447620531, 0.6246592413739388, 0.6280084118700834, 0.6333047745151491, 0.6405483293091362, 0.6454552535244178, 0.6500506269958719, 0.6552691019549809, 0.6581509463353844, 0.6627463198068385, 0.666640704104681, 0.6706908637744372, 0.6745852480722798, 0.6792585092296908, 0.6826855674117922, 0.6866578393955916, 0.692655191214269, 0.6961601370823273, 0.7005218474959108, 0.7043383441077966, 0.7082327284056391, 0.7109587974141288, 0.7122828880753953, 0.7137627541085755, 0.7142300802243166, 0.7154762831996261, 0.7169561492328063, 0.7184360152659864, 0.7209284212166056, 0.7227198379936132, 0.7246670301425344, 0.7267699976633695, 0.7282498636965495, 0.7294960666718592, 0.7326115741101332, 0.7352597554326661, 0.7386089259288107, 0.7403224550198614, 0.7422696471687826, 0.7459303684087546, 0.7472544590700211, 0.7501363034504245, 0.751460394111691, 0.7527844847729573, 0.7536412493184828, 0.7544201261780512, 0.7552768907235766, 0.7563673183269725, 0.7569904198146273, 0.7578471843601526, 0.758703948905678, 0.7590933873354623, 0.7599501518809876, 0.760806916426513, 0.7621310070877795, 0.7632993223771322, 0.764467637666485, 0.7656359529558376, 0.7662590544434925, 0.7665706051873199, 0.7672715943609315, 0.7677389204766727, 0.7688293480800685, 0.7697640003115508, 0.7705428771711192, 0.7710102032868603, 0.7713217540306877, 0.7715554170885583, 0.7718669678323857, 0.77225640626217, 0.7723342939481268]]"
top3_out_degree_informed_nodes_time,"[[0.0, 0.0, 0.08727273523627652, 0.08727273523627652, 0.08796476766544174, 0.088157485557108, 0.088157485557108, 0.088157485557108, 0.088157485557108, 0.08859767074148209, 0.08866337002273195, 0.08888674757898149, 0.08890426738731479, 0.08899405640502293, 0.08899405640502293, 0.08904442585398116, 0.08962038955293829, 0.08962038955293829, 0.0898459570852295, 0.08996202581543758, 0.09137237038626797, 0.09160450784668416, 0.09160669782272582, 0.09251334790397393, 0.09258780708939045, 0.09352949678730514, 0.09353387673938847, 0.09353387673938847, 0.0935557764998051, 0.09402662134876244, 0.09464638456855282, 0.09501868049563537, 0.09527271771646818, 0.09545229575188448, 0.09563187378730077, 0.09723931620188075, 0.09732253529146391, 0.1003403222768743, 0.10504220083832283, 0.10910022644352271, 0.11040764214039499, 0.11109748459351855, 0.11279252604976502, 0.11992746799350015, 0.1210224560143312, 0.1223802411601617, 0.12342923968411786, 0.12572214459973807, 0.12785299128827532, 0.12799971968306667, 0.12801066956327498, 0.1287443115372318, 0.1291757368174392, 0.1300320174497291, 0.13108101597368524, 0.1367705737299234, 0.15250774156530728, 0.15312750478509765, 0.15401225510592914, 0.1547480870559276, 0.15558027795175922, 0.1567256354215485, 0.1576432353830049, 0.16683675480590243, 0.1724146237840158, 0.17526159263817653, 0.17652739879025722, 0.17826623976733694, 0.1846084103839904, 0.18594210579336262, 0.18736778019648465, 0.1889839825152313, 0.18945044741210532, 0.1912944072391848, 0.19196891986001674, 0.19259744298397374, 0.19607074498604984, 0.20598257655061253, 0.2559600197973834, 0.29801850967750415, 0.32384270716078367, 0.3359905042638833, 0.3556586790940507, 0.36176214232216297, 0.37157104501276755, 0.37601669637734164, 0.3848379198731566, 0.38899449440023126, 0.39364381353667993, 0.4023051687814535, 0.4042411076022828, 0.40585949989707115, 0.40934813173143886, 0.4102942013814369, 0.411058503019977, 0.41163008676685076, 0.4127798241887234, 0.4132725687980974, 0.4152632570199682, 0.41573629184496724, 0.41634291520850764, 0.4171137867751727, 0.4183730229991284, 0.42002207495849997, 0.42052357947204055, 0.4210294639376645, 0.4256919229303631, 0.426068598809529, 0.42885862828660654, 0.4295309509313968, 0.4300762549657707, 0.4305646196230613, 0.43180633603868374, 0.43214578232514134, 0.43611839886471643, 0.43631768668450766, 0.4367294021803401, 0.44790922987302517, 0.4497093901792714, 0.45016928514802046, 0.450865697529269, 0.45094453666676887, 0.4509773863073938, 0.451027755756352, 0.45107812520531027, 0.4512555132646849, 0.4513803418990596, 0.4515380201740593, 0.4517241681376006, 0.451851186748017, 0.4519453557178085, 0.4519869652626, 0.45268994757197356, 0.45305129361884783, 0.4533688401448888, 0.45360535755738834, 0.45376741578447133, 0.4544506883094699, 0.4546258863928029, 0.4550288419844687, 0.45505950164905196, 0.45530696894175976, 0.45584132309592534, 0.45596177177821673, 0.4560559407480082, 0.4564807961000907, 0.4567611130334234, 0.4568837516917565, 0.45696259082925633, 0.4570173402302979, 0.4580882385146707, 0.45809918839487895, 0.4581561277719622, 0.458241536837587, 0.4584386346813366, 0.45897079885946046, 0.45899050864383545, 0.459045258044877, 0.4591328570865435, 0.45919198643966835, 0.4594788733011261, 0.45959056207925086, 0.4598051797313337, 0.4599825677907084, 0.46027164462820774, 0.46027164462820774, 0.4602804045323744, 0.46072934962091516, 0.46073591954904014], [0.0, 0.0, 0.0, 0.0, 0.0, 0.0, 0.0, 0.0, 0.0, 0.0, 0.0, 0.0, 0.0, 0.0, 0.0, 0.0, 0.0, 0.09903728653208534, 0.09932198341750141, 0.09942053233937621, 0.100640348994582, 0.1008308769102066, 0.10083306688624827, 0.10168496756645483, 0.10210106301437062, 0.10306903242478527, 0.1030734123768686, 0.1030734123768686, 0.10325956034040988, 0.10349826772895104, 0.10425380946332446, 0.10458230586957379, 0.10481663330603164, 0.10609338933832065, 0.10685988095290237, 0.10814101693727471, 0.10837096442164923, 0.10936740352060549, 0.11409994174663729, 0.11870327138621103, 0.12029100401641606, 0.12091076723620643, 0.12239338101641169, 0.12957212248098005, 0.1305992212445196, 0.13193510662993346, 0.1325176402570156, 0.13474922584346927, 0.13680561334659, 0.1369151121486731, 0.13698300140596462, 0.13772759326012973, 0.13783709206221284, 0.13877221183200256, 0.14010590724137478, 0.14539031942990543, 0.15858273510487794, 0.1591280391392518, 0.1599383302746668, 0.16053619373404054, 0.16125450587570572, 0.16195748818507927, 0.16285318838611906, 0.17285699894443154, 0.1802634979173328, 0.18266590163503613, 0.18406748630169986, 0.1856552189319049, 0.1918265714173087, 0.19312522721001432, 0.19466040041521945, 0.19634011203917429, 0.19692264566625642, 0.19878631527771087, 0.20011125078291644, 0.2006850245058319, 0.20321006688186832, 0.21300144976413957, 0.2611524529921643, 0.32246302225453655, 0.35932031903570977, 0.3703709381419367, 0.3876388992304424, 0.4077582091251922, 0.41641518441788244, 0.42054328925641554, 0.4282366750907745, 0.4319267847209752, 0.4357154432730506, 0.443036533180327, 0.44583094260948786, 0.44718872775531837, 0.4499612374240626, 0.45085912760114405, 0.45155335000635094, 0.4520767542803082, 0.4531520325167643, 0.4536119274855133, 0.45535076846259304, 0.4558128534073837, 0.45637129729800757, 0.45702610013446454, 0.45814736786779553, 0.45888538979383564, 0.45934309478654306, 0.4598007997792504, 0.46428806068861606, 0.4645661876459072, 0.46686128253756903, 0.46750294551777605, 0.4679803602948584, 0.46844463521569074, 0.4693928948417304, 0.4697279611761047, 0.4733479915729722, 0.4735319495604718, 0.4739042454875544, 0.48387958635732525, 0.4855527280531551, 0.48598196335732086, 0.4866433361219028, 0.486719985283361, 0.4867506449479443, 0.4868010143969025, 0.486862333726069, 0.48702877190523536, 0.48714484063544344, 0.48722586974898496, 0.48739230792815125, 0.4874952368021094, 0.4875806458677342, 0.4876200654364841, 0.48825953844064945, 0.4885858448708571, 0.4888924415166898, 0.48911581907293933, 0.489273497347939, 0.489928300184396, 0.49007502857918733, 0.49040790493751996, 0.4904363746260616, 0.49067070206251945, 0.49117220657606003, 0.4912904652823098, 0.4913780643239763, 0.49170218077814226, 0.4919277483104335, 0.4920460070166832, 0.4921117062979331, 0.492164265722933, 0.4931694647260559, 0.4931826045823059, 0.49321764419897246, 0.4932899134083473, 0.4934804413239719, 0.49398632578959584, 0.49400384559792915, 0.494056405022929, 0.49413743413647054, 0.4941483840166789, 0.49442432099792827, 0.4945316298239697, 0.49473310761980266, 0.494860126230219, 0.49514263313959345, 0.49514263313959345, 0.4951492030677184, 0.4955609185635509, 0.49556529851563424], [0.0, 0.0, 0.0, 0.0, 0.0, 0.0, 0.0, 0.0, 0.0, 0.0, 0.0, 0.0, 0.0, 0.0859850293237792, 0.0859850293237792, 0.08600692908419581, 0.08794724785710845, 0.08794724785710845, 0.08800856718627498, 0.08810492613210812, 0.08941891175710538, 0.0897057986185631, 0.08971017857064643, 0.09204250305501657, 0.0923534796529326, 0.09304332210605616, 0.0932951693508473, 0.0932951693508473, 0.0935207368831385, 0.09469237406542773, 0.09561216400292581, 0.09594723033730011, 0.09618374774979961, 0.09646844463521569, 0.09924533425604323, 0.10070604827583186, 0.10076955758104006, 0.10391217320082519, 0.11015360491956218, 0.11388094414247107, 0.11526281902475986, 0.11578403332267545, 0.11740899554558873, 0.12373364635390889, 0.12498193269765628, 0.12666602427369444, 0.12702737032056868, 0.12882534065077328, 0.13043497304139492, 0.13054447184347803, 0.13068901026222773, 0.13122993434451827, 0.13133943314660138, 0.13204460543201657, 0.13353816909243013, 0.13909413831012687, 0.15507001353405195, 0.15562626744863411, 0.15656357719446548, 0.1572380898152974, 0.1580418110225874, 0.1590075904569604, 0.16034785579445762, 0.1712933560506848, 0.17914880011212678, 0.1808985909694148, 0.18218848685795377, 0.1838112591048254, 0.19055419533710302, 0.1919119804829335, 0.19315807685063927, 0.1949582371568855, 0.195532010879801, 0.19718106283917253, 0.19825196112354532, 0.19876441551729424, 0.20267571272770277, 0.21225028798184947, 0.25092964482968555, 0.3084909751087323, 0.342538532628453, 0.3540183870388458, 0.37367342201276316, 0.3954899633398011, 0.40593833903457094, 0.4101255732262289, 0.4176262411689216, 0.42134482048766386, 0.4253656165001555, 0.43118219286681003, 0.4331028018553477, 0.43910990613762685, 0.4421123632907456, 0.44306938282095193, 0.4437942648907421, 0.4442738696438661, 0.44531629823969726, 0.44580247292094627, 0.44732888622198475, 0.44777783131052545, 0.44838445467406585, 0.44916627612093923, 0.4503707629438534, 0.45193221586155846, 0.45242496047093245, 0.4529768344334313, 0.4577071826834214, 0.4580444389938374, 0.46008768664070815, 0.4606789801719569, 0.4611936245417475, 0.46169293907924647, 0.46267623832195276, 0.46297626503966044, 0.466219619557362, 0.4664167174011116, 0.46676711356777756, 0.47409696337922064, 0.4758664640208836, 0.476311029157341, 0.4769877317542146, 0.47706219093963115, 0.47709066062817274, 0.47713446014900596, 0.47717825966983923, 0.4773512677771305, 0.4774782863875469, 0.47762282480629664, 0.4777980228896296, 0.4779031417396294, 0.47800169066150416, 0.4780411102302541, 0.47871781282712766, 0.47905506913754364, 0.47934414597504305, 0.4795412438187926, 0.47965950252504236, 0.4803121153854577, 0.48045884378024906, 0.48082018982712327, 0.4808486595156649, 0.48110488671253937, 0.481612961154205, 0.4817027501719131, 0.4817925391896213, 0.4821911148292038, 0.48242982221774494, 0.482552460876078, 0.48269699929482773, 0.4827539386719109, 0.4837350479385756, 0.48374599781878386, 0.48380512717190877, 0.4838949161896169, 0.4840920140333665, 0.4846044684271154, 0.48462417821149034, 0.4846723576844069, 0.48475776675003174, 0.48481689610315665, 0.48510378296461437, 0.4852110917906558, 0.4854103796104471, 0.48556148795732174, 0.485773915633363, 0.485773915633363, 0.48578267553752963, 0.4861527814885705, 0.48615935141669553]]"
top3_eigen_infected_nodes_n,"[array([0., 0., 0., ..., 0., 0., 0.]), array([0., 0., 0., ..., 0., 0., 0.]), array([0., 0., 0., ..., 0., 0., 0.])]"
top3_eigen_informed_nodes_n,"[array([0., 1., 1., ..., 0., 0., 0.]), array([0., 1., 1., ..., 0., 0., 0.]), array([0., 1., 1., ..., 0., 0., 0.])]"
top3_eigen_infected_nodes_time,"[[0.0, 0.0, 0.0, 0.0, 0.0, 0.0, 0.0, 0.0, 0.0, 0.0, 0.0, 0.0, 0.0, 0.0, 0.0, 0.0, 0.0, 0.0, 0.0, 0.0, 0.0, 0.0, 0.0, 0.0, 0.0, 0.0, 0.0, 0.0, 0.0, 0.0, 0.0, 0.0, 0.0, 0.0, 0.0, 0.0, 0.0, 0.0, 0.0, 0.007866656281641873, 0.007944543967598723, 0.008022431653555573, 0.008333982397382974, 0.008489757769296674, 0.008567645455253525, 0.009502297686735727, 0.009969623802476828, 0.010359062232261079, 0.01067061297608848, 0.01067061297608848, 0.01067061297608848, 0.010904276033959031, 0.01106005140587273, 0.011527377521613832, 0.012539917439052885, 0.014954435703715243, 0.01682374016667965, 0.017680504712205, 0.018926707687514605, 0.019549809175169405, 0.020718124464522158, 0.02118545058026326, 0.022665316613443415, 0.025157722564062623, 0.027104914712983878, 0.02881844380403458, 0.03107718669678324, 0.03325804190357504, 0.037463976945244955, 0.040579484383518966, 0.04307189033413817, 0.04478541942518888, 0.04618739777241218, 0.047199937689851236, 0.048446140665160835, 0.050003894384297844, 0.053119401822571854, 0.0668276345509775, 0.11402757224082873, 0.17041825687358828, 0.21769608224939638, 0.24885115663213647, 0.2749435314276813, 0.2949606667185918, 0.3186385232494743, 0.3381104447386868, 0.3684866422618584, 0.39076252044551757, 0.4112469818521692, 0.43056312796946805, 0.4473868681361477, 0.4625749668977335, 0.47620531194018223, 0.4853181711971337, 0.49123763532985437, 0.4970013240906613, 0.5017524729340291, 0.5058026326037853, 0.5103980060752396, 0.5147597164888231, 0.518965651530493, 0.5247293402912999, 0.5325181088869849, 0.5380481345899213, 0.5431108341771166, 0.5489524106238803, 0.5520679180621544, 0.5572085053353065, 0.561648103434847, 0.5671781291377833, 0.5717735026092374, 0.5769140898823896, 0.5808863618661889, 0.5854817353376431, 0.5921800763299322, 0.5965417867435159, 0.6017602617026249, 0.6072123997196043, 0.611574110133188, 0.6149232806293325, 0.6173377988939949, 0.6188955526131319, 0.6196744294727003, 0.6212321831918374, 0.6230235999688449, 0.6246592413739388, 0.6275410857543422, 0.6296440532751771, 0.6317470207960122, 0.6340836513747177, 0.6357971804657684, 0.6371991588129917, 0.6410156554248774, 0.644286938235065, 0.648492873276735, 0.6508295038554405, 0.6538671236077576, 0.6582288340213412, 0.6600202507983488, 0.6644598488978892, 0.6658618272451126, 0.6680426824519043, 0.6690552223693434, 0.6699898746008256, 0.6710024145182647, 0.6723265051795311, 0.6733390450969702, 0.674429472700366, 0.6754420126178051, 0.6759093387335462, 0.677077654022899, 0.6780123062543811, 0.6794142846016045, 0.6806604875769141, 0.6819066905522237, 0.6833865565854038, 0.6840875457590155, 0.6844769841887998, 0.6853337487343251, 0.6858010748500663, 0.6868915024534621, 0.6880598177428149, 0.688994469974297, 0.6896175714619519, 0.6900070098917361, 0.6903185606355635, 0.6906301113793909, 0.6910195498091751, 0.691097437495132], [0.0, 0.0, 0.004050159669756212, 0.004050159669756212, 0.004050159669756212, 0.004050159669756212, 0.004050159669756212, 0.004050159669756212, 0.004050159669756212, 0.004050159669756212, 0.004050159669756212, 0.004050159669756212, 0.004050159669756212, 0.004050159669756212, 0.004050159669756212, 0.004050159669756212, 0.004050159669756212, 0.004050159669756212, 0.004050159669756212, 0.004050159669756212, 0.004050159669756212, 0.004050159669756212, 0.004050159669756212, 0.004050159669756212, 0.004050159669756212, 0.004128047355713062, 0.004128047355713062, 0.004128047355713062, 0.004128047355713062, 0.004128047355713062, 0.004205935041669912, 0.004283822727626762, 0.004283822727626762, 0.004283822727626762, 0.004361710413583612, 0.004439598099540463, 0.004517485785497313, 0.004906924215281564, 0.005841576446763767, 0.00693200405015967, 0.008879196199080926, 0.009658073058649427, 0.010982163719915882, 0.011838928265441234, 0.012773580496923436, 0.01409767115818989, 0.014720772645844692, 0.015577537191370044, 0.016278526364981696, 0.0165900771088091, 0.01682374016667965, 0.017758392398161852, 0.0181478308279461, 0.019316146117298854, 0.020718124464522158, 0.023755744216839316, 0.025702936365760574, 0.026637588597242776, 0.02796167925850923, 0.028896331489991434, 0.030298309837214737, 0.030843523638912688, 0.03255705272996339, 0.03512734636653945, 0.037230313887374404, 0.039489056780123065, 0.04205935041669912, 0.044473868681361474, 0.04875769140898824, 0.0519510865332191, 0.05475504322766571, 0.056624347690630114, 0.05787055066593971, 0.05935041669911987, 0.060596619674429475, 0.06238803645143703, 0.06558143157566788, 0.07952332736194408, 0.1278136926551912, 0.1854505802632604, 0.23272840563906846, 0.2639613677077654, 0.289664304073526, 0.309915102422307, 0.33398239738297375, 0.3536100942441, 0.3839862917672716, 0.4061842822649739, 0.4265129682997118, 0.4458291144170107, 0.46273074226964717, 0.47776306565931925, 0.49139341070176806, 0.5004283822727627, 0.5065815094633539, 0.5120336474803333, 0.5167069086377444, 0.5207570683075006, 0.5255082171508685, 0.5299478152504089, 0.5339979749201651, 0.539761663680972, 0.547550432276657, 0.5530804579795934, 0.5581431575667887, 0.5639068463275956, 0.5670223537658696, 0.5721629410390218, 0.5766025391385622, 0.5823662278993691, 0.5870394890567802, 0.5923358517018459, 0.5963081236856453, 0.6009034971570995, 0.6076018381493886, 0.6121972116208427, 0.6173377988939949, 0.622478386167147, 0.6268400965807306, 0.6300334917049615, 0.6324480099696238, 0.6340836513747177, 0.6348625282342861, 0.6364202819534232, 0.6383674741023444, 0.6400031155074383, 0.6428849598878418, 0.6450658150946336, 0.6472466703014254, 0.6495833008801308, 0.6512968299711815, 0.6526988083184049, 0.6564374172443337, 0.6597865877404783, 0.6639925227821482, 0.6663291533608536, 0.6693667731131708, 0.6739621465846249, 0.6757535633616325, 0.680193161461173, 0.6815951398083963, 0.6836981073292312, 0.6847106472466703, 0.6856452994781526, 0.6866578393955916, 0.6879040423709012, 0.6889165822883402, 0.690084897577693, 0.691097437495132, 0.6915647636108732, 0.6927330789002258, 0.6936677311317081, 0.6950697094789314, 0.696315912454241, 0.6975621154295506, 0.6989640937767739, 0.6995871952644287, 0.6999766336942129, 0.7009112859256952, 0.7013786120414363, 0.7024690396448322, 0.7036373549341849, 0.7045720071656671, 0.7051172209673651, 0.7055066593971493, 0.7058182101409767, 0.7061297608848041, 0.7065191993145884, 0.7065970870005452], [0.0, 0.0, 0.0, 0.0, 0.0, 0.0, 0.0, 0.0, 0.0, 0.0, 0.0, 0.0, 0.0, 0.0, 0.0, 0.0, 0.0, 0.0, 0.0, 0.0, 0.0, 0.0, 0.0, 0.0, 0.0, 0.0, 0.0, 0.0, 0.0, 0.0, 0.0, 0.0, 0.0, 0.0, 0.0, 0.0, 0.0, 0.0, 0.0, 0.011449489835656983, 0.011527377521613832, 0.011605265207570683, 0.011838928265441234, 0.011916815951398084, 0.011994703637354933, 0.012695692810966587, 0.013163018926707688, 0.013552457356491939, 0.01386400810031934, 0.01394189578627619, 0.01394189578627619, 0.01417555884414674, 0.014331334216060441, 0.014798660331801543, 0.015811200249240594, 0.0181478308279461, 0.019939247604953657, 0.02079601215047901, 0.021964327439831764, 0.022509541241529714, 0.023599968844925618, 0.023989407274709867, 0.025469273307890023, 0.02796167925850923, 0.029908871407430485, 0.03170028818443804, 0.033959031077186695, 0.03606199859802165, 0.04019004595373472, 0.04330555339200872, 0.04587584702858478, 0.04766726380559234, 0.04906924215281564, 0.05015966975621154, 0.05140587273152115, 0.053041514136615, 0.05615702157488901, 0.0696315912454241, 0.11636420281953423, 0.1719760105927253, 0.21925383596853337, 0.2500194719214892, 0.2760339590310772, 0.295895318950074, 0.3194952877949996, 0.33896720928421215, 0.3692655191214269, 0.3915413973050861, 0.4120258587117377, 0.43126411714307966, 0.44824363268167305, 0.46343173144325883, 0.4770620764857076, 0.4862528234286159, 0.4922501752472934, 0.4979359763221435, 0.5026871251655113, 0.5067372848352676, 0.5114884336786354, 0.5159280317781759, 0.5201339668198458, 0.5258197678946959, 0.533530648804424, 0.5389048991354467, 0.543967598722642, 0.5498091751694058, 0.5529246826076797, 0.5580652698808318, 0.5625048679803724, 0.5681127813692656, 0.5727860425266765, 0.5778487421138718, 0.5818210140976712, 0.5863384998831684, 0.5930368408754576, 0.5973985512890412, 0.602694913934107, 0.6081470519510865, 0.6125087623646701, 0.6158579328608147, 0.618272451125477, 0.6199080925305709, 0.6206869693901395, 0.6222447231092765, 0.6241919152581977, 0.6258275566632915, 0.628709401043695, 0.6308123685645299, 0.6329932237713217, 0.6352519666640704, 0.6369654957551211, 0.6383674741023444, 0.6421839707142301, 0.6454552535244178, 0.6496611885660877, 0.6519978191447932, 0.6550354388971104, 0.6593192616247371, 0.6611106784017446, 0.6654723888153283, 0.6668743671625516, 0.6690552223693434, 0.6700677622867824, 0.6710024145182647, 0.6720149544357037, 0.6733390450969702, 0.6743515850144092, 0.675519900303762, 0.6765324402212011, 0.6769997663369421, 0.6781680816262948, 0.6791027338577771, 0.6805047122050004, 0.6816730274943531, 0.6829192304696627, 0.6843990965028429, 0.6851000856764545, 0.6854895241062388, 0.686424176337721, 0.6868136147675052, 0.6879040423709012, 0.6890723576602539, 0.6900070098917361, 0.6906301113793909, 0.6910195498091751, 0.6913311005530026, 0.69164265129683, 0.6920320897266142, 0.6921099774125711]]"
top3_eigen_informed_nodes_time,"[[0.0, 0.0, 0.0, 0.0, 0.0, 0.0, 0.0, 0.0, 0.0, 0.0, 0.0, 0.0, 0.0, 0.0, 0.0, 0.0, 0.0, 0.0, 0.0, 0.0, 0.0, 0.0, 0.0, 0.0, 0.0, 0.0, 0.0, 0.0, 0.0, 0.0, 0.0, 0.0, 0.0, 0.0, 0.0, 0.0, 0.0, 0.0, 0.0, 0.003221454757284955, 0.0032762041583265077, 0.0034141726489512205, 0.004585809831240446, 0.004846416980198237, 0.00804597197706657, 0.00933586786560555, 0.009589905086438354, 0.010058559959354044, 0.01009359957602064, 0.01012644921664557, 0.01012644921664557, 0.010479035359353168, 0.010818481645810795, 0.012515713078098926, 0.014940016556218875, 0.018687065563502737, 0.044471843478032354, 0.04657203050198631, 0.0481269134915664, 0.049521928230105164, 0.05080087423843583, 0.05187396249885026, 0.054247896528011985, 0.06607595712902901, 0.07626810562692445, 0.0779872368196292, 0.07994945535295844, 0.08239346861545335, 0.09641807518625746, 0.09807588704979568, 0.10005343541541656, 0.102241221481037, 0.10337781904665963, 0.1048932824674898, 0.10591600127894601, 0.10710734824561019, 0.11264579765497365, 0.12827346668827444, 0.17460897977776124, 0.23930525200054312, 0.2778137907171295, 0.2910237262004354, 0.3117211897701839, 0.3397047036305423, 0.35020782872635375, 0.3553345626398847, 0.3648828581815315, 0.3692759501211057, 0.3743983040825533, 0.384310135647116, 0.38647383197627816, 0.38828494216273274, 0.3922466088220995, 0.39341605602834706, 0.39436212567834505, 0.3949928387783438, 0.3962498850262578, 0.39677109932417337, 0.3989917350304188, 0.3994910495679177, 0.4001962218533329, 0.40102184282103953, 0.40235991818249506, 0.4040680994949915, 0.40460464362519877, 0.40521783691686414, 0.4100905336095623, 0.41048691927310316, 0.4135397458751801, 0.4142777678012203, 0.4148471615720524, 0.415361805941843, 0.4166166622137154, 0.417267085098089, 0.4213820500803721, 0.4216010476845383, 0.4220718925334957, 0.4346971044136777, 0.43658267378554877, 0.4370863682751311, 0.4378287701532545, 0.437909799266796, 0.43794483888346264, 0.4379973983084625, 0.43805652766158737, 0.4382448656011703, 0.4383806441157534, 0.43855146224700303, 0.4387419901626276, 0.438875578701169, 0.4389850775032521, 0.43902887702408533, 0.43980193856679206, 0.4401983242303329, 0.44055529032512386, 0.44079837766574836, 0.4409735757490813, 0.44168093801053815, 0.4418583260699128, 0.4423598305834534, 0.44239268022407835, 0.44268613701366105, 0.44323582100011827, 0.4433891193230346, 0.4434876682449094, 0.44395632311782507, 0.44426510973969946, 0.4443921283501158, 0.4445454266730322, 0.44460455602615706, 0.44572582375948805, 0.44573896361573806, 0.4458002829449046, 0.4458922619386544, 0.4461046896146956, 0.4466653234813611, 0.4466916031938611, 0.44674854257094426, 0.4468449015167774, 0.44690403086990227, 0.44721281749177666, 0.44732888622198475, 0.4475500738021926, 0.4477471716459422, 0.4480537682917749, 0.4480537682917749, 0.44806252819594156, 0.4485333730448989, 0.44854213294906553], [0.0, 0.0, 0.0004226653760407861, 0.0004226653760407861, 0.0004226653760407861, 0.0004226653760407861, 0.0004226653760407861, 0.0004226653760407861, 0.0004226653760407861, 0.0004226653760407861, 0.0004226653760407861, 0.0004226653760407861, 0.0004226653760407861, 0.0004226653760407861, 0.0004226653760407861, 0.0004226653760407861, 0.0004226653760407861, 0.0004226653760407861, 0.0004226653760407861, 0.0004226653760407861, 0.0004226653760407861, 0.0004226653760407861, 0.0004226653760407861, 0.0004226653760407861, 0.0004226653760407861, 0.002750609908327603, 0.002750609908327603, 0.002750609908327603, 0.002750609908327603, 0.002750609908327603, 0.0029520877041605163, 0.0030988160989518774, 0.0030988160989518774, 0.0030988160989518774, 0.0031448055958267817, 0.0031469955718684437, 0.0032477344697849006, 0.008512436873940599, 0.012861729292681538, 0.02004485070933324, 0.02207495849995401, 0.023213746041618306, 0.024724829510365157, 0.034203045818678744, 0.03523890448638492, 0.03694051587075638, 0.03717484330721422, 0.04027584938220776, 0.04308339866761857, 0.04322136715824329, 0.0432323170384516, 0.0440645079342832, 0.044257225825949466, 0.04556464152282174, 0.04767796840302567, 0.05422599676759536, 0.0763622745967159, 0.07680245978109, 0.07796095710712925, 0.07883256757171077, 0.08001296465816664, 0.08098312404462295, 0.08211534165816226, 0.09270825577168186, 0.10156889883624673, 0.10411803094874142, 0.10581745235707121, 0.1078585100279003, 0.11629210776434105, 0.11772435209558807, 0.11923981551641825, 0.12124364359453907, 0.12176485789245466, 0.12370517666536728, 0.12444757854349073, 0.1250563918830728, 0.12973418070806306, 0.1423068331632452, 0.18670202747981937, 0.2499967150359375, 0.2876905826650256, 0.30065743080770696, 0.32105267768370616, 0.34835729897114925, 0.35870712574404434, 0.36344185394611783, 0.372630993416932, 0.37704598511692283, 0.3819230617617043, 0.3913530985971013, 0.39340510614813873, 0.39513737719709346, 0.39869608826479436, 0.3997757464533338, 0.40070210631895686, 0.4012736900658307, 0.40248912676895315, 0.4029993911866604, 0.4050579686658228, 0.4055397633949885, 0.40619456623144545, 0.40701361727102703, 0.40832541291998264, 0.41001388444810416, 0.4105416686741447, 0.41113734215747677, 0.41596404935330006, 0.4163494851366326, 0.41928843298454316, 0.4200352148147499, 0.42059365870537374, 0.42110830307516434, 0.4223609693709951, 0.42270479560953605, 0.4267650111907776, 0.4269664889866105, 0.4273913443386929, 0.4390792464730436, 0.44094729603658134, 0.4414203308615804, 0.44213207307512054, 0.4422109122126204, 0.442245951829287, 0.4422963212782452, 0.44235326065532843, 0.4425328386907447, 0.44266204727720276, 0.44283286540845246, 0.44301901337199373, 0.44314822195845177, 0.4432555307844932, 0.4432993303053265, 0.4440417321834499, 0.44442059803865747, 0.44475566437303177, 0.4449943717615729, 0.44516080994073925, 0.4458637922501128, 0.44603899033344574, 0.4464945053501115, 0.44652516501469475, 0.4467879621396942, 0.44733107619802637, 0.44746247476052614, 0.4475610236824009, 0.44799244896260837, 0.4482837157761494, 0.4484107343865658, 0.4485618427334405, 0.4486187821105237, 0.44972034005947975, 0.4497334799157297, 0.4497926092688546, 0.44988239828656273, 0.4500904460105206, 0.45063794002093616, 0.45065764980531114, 0.4507145891823943, 0.4508087581521858, 0.4508678875053107, 0.45116572424697676, 0.45128179297718485, 0.45150079058135106, 0.451695698449059, 0.4519891552386417, 0.4519891552386417, 0.45199791514280835, 0.45246000008759907, 0.45246657001572405], [0.0, 0.0, 0.0, 0.0, 0.0, 0.0, 0.0, 0.0, 0.0, 0.0, 0.0, 0.0, 0.0, 0.0, 0.0, 0.0, 0.0, 0.0, 0.0, 0.0, 0.0, 0.0, 0.0, 0.0, 0.0, 0.0, 0.0, 0.0, 0.0, 0.0, 0.0, 0.0, 0.0, 0.0, 0.0, 0.0, 0.0, 0.0, 0.0, 0.001992878197912515, 0.0020476275989540675, 0.0021943559937454282, 0.003396652840617924, 0.003659449965617376, 0.006880904722902331, 0.008225550012482864, 0.008483967185398992, 0.008954812034356344, 0.008994231603106261, 0.009029271219772856, 0.009029271219772856, 0.009397187194772089, 0.009738823457271378, 0.011440434841642833, 0.013871308247887768, 0.01762930713537994, 0.04354986356449261, 0.04565443054052989, 0.047303482499901454, 0.04869849723844021, 0.04997963322281254, 0.051052721483226975, 0.0534266555123887, 0.06555474283111343, 0.07575127128109219, 0.07749230223421356, 0.07946109069566779, 0.08190729393420436, 0.09594504036125845, 0.09761599208104664, 0.09959573042270918, 0.10181636612895455, 0.10295296369457718, 0.10446842711540735, 0.10549552587894688, 0.1066912527976944, 0.11223627213518284, 0.12788365095285859, 0.1742629635631786, 0.23901836513908536, 0.2775269038556718, 0.2907455992431443, 0.3114562026691428, 0.3394484764336678, 0.3499603614336459, 0.3550914752992602, 0.36464415079299034, 0.3692759501211057, 0.3743983040825533, 0.384310135647116, 0.38647383197627816, 0.38828494216273274, 0.3922466088220995, 0.39341605602834706, 0.39436212567834505, 0.3949928387783438, 0.3962498850262578, 0.39677109932417337, 0.3989917350304188, 0.3994910495679177, 0.4001962218533329, 0.40102184282103953, 0.40235991818249506, 0.4040680994949915, 0.40460464362519877, 0.40521783691686414, 0.4100905336095623, 0.41048691927310316, 0.4135397458751801, 0.4142777678012203, 0.4148471615720524, 0.415361805941843, 0.4166166622137154, 0.417267085098089, 0.4213820500803721, 0.4216010476845383, 0.4220718925334957, 0.4346971044136777, 0.43658267378554877, 0.4370863682751311, 0.4378287701532545, 0.437909799266796, 0.43794483888346264, 0.4379973983084625, 0.43805652766158737, 0.4382448656011703, 0.4383806441157534, 0.43855146224700303, 0.4387419901626276, 0.438875578701169, 0.4389850775032521, 0.43902887702408533, 0.43980193856679206, 0.4401983242303329, 0.44055529032512386, 0.44079837766574836, 0.4409735757490813, 0.44168093801053815, 0.4418583260699128, 0.4423598305834534, 0.44239268022407835, 0.44268613701366105, 0.44323582100011827, 0.4433891193230346, 0.4434876682449094, 0.44395632311782507, 0.44426510973969946, 0.4443921283501158, 0.4445454266730322, 0.44460455602615706, 0.44572582375948805, 0.44573896361573806, 0.4458002829449046, 0.4458922619386544, 0.4461046896146956, 0.4466653234813611, 0.4466916031938611, 0.44674854257094426, 0.4468449015167774, 0.44690403086990227, 0.44721281749177666, 0.44732888622198475, 0.4475500738021926, 0.4477471716459422, 0.4480537682917749, 0.4480537682917749, 0.44806252819594156, 0.4485333730448989, 0.44854213294906553]]"
